manifestoid,scale,source,score_manif_mean,party,year
Con 1987,Economic,Experts,0.462962962962963,Con,1987
Con 1992,Economic,Experts,0.4530277306168648,Con,1992
Con 1997,Economic,Experts,0.48058823529411765,Con,1997
Con 2001,Economic,Experts,0.5256410256410255,Con,2001
Con 2005,Economic,Experts,0.34134615384615385,Con,2005
Con 2010,Economic,Experts,0.3131868131868132,Con,2010
LD 1987,Economic,Experts,-0.3991071428571429,LD,1987
LD 1992,Economic,Experts,-0.3156753407682776,LD,1992
LD 1997,Economic,Experts,-0.20261984392419174,LD,1997
LD 2001,Economic,Experts,-0.38049951969260326,LD,2001
LD 2005,Economic,Experts,-0.2781731909845789,LD,2005
LD 2010,Economic,Experts,-0.2997644287396937,LD,2010
Lab 1987,Economic,Experts,-0.8352826510721248,Lab,1987
Lab 1992,Economic,Experts,-0.5403333333333333,Lab,1992
Lab 1997,Economic,Experts,-0.13449074074074074,Lab,1997
Lab 2001,Economic,Experts,-0.43304416403785484,Lab,2001
Lab 2005,Economic,Experts,-0.4280855199222546,Lab,2005
Lab 2010,Economic,Experts,-0.29175905395417595,Lab,2010
Con 1987,Economic,Crowd,0.31234575947167187,Con,1987
Con 1992,Economic,Crowd,0.3598860245852727,Con,1992
Con 1997,Economic,Crowd,0.3781730094983107,Con,1997
Con 2001,Economic,Crowd,0.22875478927203066,Con,2001
Con 2005,Economic,Crowd,0.4404761904761904,Con,2005
Con 2010,Economic,Crowd,0.13839436789944404,Con,2010
LD 1987,Economic,Crowd,-0.2945328864683704,LD,1987
LD 1992,Economic,Crowd,-0.2889504219409283,LD,1992
LD 1997,Economic,Crowd,-0.21765211640211643,LD,1997
LD 2001,Economic,Crowd,-0.3260063721001221,LD,2001
LD 2005,Economic,Crowd,-0.040952380952380955,LD,2005
LD 2010,Economic,Crowd,-0.18153320151590047,LD,2010
Lab 1987,Economic,Crowd,-0.6399522917781345,Lab,1987
Lab 1992,Economic,Crowd,-0.4193429661941112,Lab,1992
Lab 1997,Economic,Crowd,-0.18149368641887345,Lab,1997
Lab 2001,Economic,Crowd,-0.4228174603174603,Lab,2001
Lab 2005,Economic,Crowd,-0.36311389759665624,Lab,2005
Lab 2010,Economic,Crowd,-0.1801059301059301,Lab,2010
Con 1987,Social,Experts,0.4971590909090909,Con,1987
Con 1992,Social,Experts,0.21624472573839662,Con,1992
Con 1997,Social,Experts,0.5914918414918414,Con,1997
Con 2001,Social,Experts,0.854978354978355,Con,2001
Con 2005,Social,Experts,0.8027426160337552,Con,2005
Con 2010,Social,Experts,0.20698924731182797,Con,2010
LD 1987,Social,Experts,-0.5601374570446735,LD,1987
LD 1992,Social,Experts,-1.0515873015873016,LD,1992
LD 1997,Social,Experts,-0.6245704467353952,LD,1997
LD 2001,Social,Experts,-0.6710816777041942,LD,2001
LD 2005,Social,Experts,-0.5635964912280702,LD,2005
LD 2010,Social,Experts,-0.5106589147286822,LD,2010
Lab 1987,Social,Experts,-0.4642857142857143,Lab,1987
Lab 1992,Social,Experts,-1.1132075471698113,Lab,1992
Lab 1997,Social,Experts,0.16805555555555554,Lab,1997
Lab 2001,Social,Experts,0.2064176245210728,Lab,2001
Lab 2005,Social,Experts,0.36333333333333334,Lab,2005
Lab 2010,Social,Experts,0.23863636363636365,Lab,2010
Con 1987,Social,Crowd,0.0754232804232804,Con,1987
Con 1992,Social,Crowd,-0.045302402911098556,Con,1992
Con 1997,Social,Crowd,0.25936930783242257,Con,1997
Con 2001,Social,Crowd,0.5300480769230769,Con,2001
Con 2005,Social,Crowd,0.5008540372670808,Con,2005
Con 2010,Social,Crowd,0.28861283643892344,Con,2010
LD 1987,Social,Crowd,-0.476506727902667,LD,1987
LD 1992,Social,Crowd,-0.8250816993464051,LD,1992
LD 1997,Social,Crowd,-0.5336361242759347,LD,1997
LD 2001,Social,Crowd,-0.4542452830188679,LD,2001
LD 2005,Social,Crowd,-0.2521885521885522,LD,2005
LD 2010,Social,Crowd,-0.337948717948718,LD,2010
Lab 1987,Social,Crowd,-0.7354398457202195,Lab,1987
Lab 1992,Social,Crowd,-0.7260863095238095,Lab,1992
Lab 1997,Social,Crowd,-0.2942222222222223,Lab,1997
Lab 2001,Social,Crowd,-0.14941724941724943,Lab,2001
Lab 2005,Social,Crowd,0.08320895522388061,Lab,2005
Lab 2010,Social,Crowd,0.08492509363295879,Lab,2010
