partyid,mean,sd,n,party_abbrev,party_name_english,party_code_cmp,dimension,scale,SE,year,party
22,20.0,0.0,16,BNP,British National Party,NA,Immigration,Importance,0.0,2010,BNP
22,19.75,0.57735,16,BNP,British National Party,NA,Immigration,Position,0.1443375,2010,BNP
22,14.3529,3.67323,17,BNP,British National Party,NA,Social,Importance,0.8908891,2010,BNP
22,18.2941,1.61108,17,BNP,British National Party,NA,Social,Position,0.3907443,2010,BNP
22,6.26667,3.08143,15,BNP,British National Party,NA,Taxes v. Spending,Importance,0.7956218,2010,BNP
22,9.625,4.37988,16,BNP,British National Party,NA,Taxes v. Spending,Position,1.09497,2010,BNP
16,14.75,2.95522,16,Con,Conservative Party,51620,Immigration,Importance,0.738805,2010,CON
16,13.25,2.93258,16,Con,Conservative Party,51620,Immigration,Position,0.733145,2010,CON
16,12.3889,3.27448,18,Con,Conservative Party,51620,Social,Importance,0.77180237,2010,CON
16,12.4444,2.91492,18,Con,Conservative Party,51620,Social,Position,0.6870532,2010,CON
16,16.4737,2.69502,19,Con,Conservative Party,51620,Taxes v. Spending,Importance,0.61828,2010,CON
16,15.8421,2.0073,19,Con,Conservative Party,51620,Taxes v. Spending,Position,0.4605062,2010,CON
1261,7.9,3.84274,10,GPEW,Green Party of England and Wales,NA,Immigration,Importance,1.2151811,2010,GREEN
1261,5.09091,4.10986,11,GPEW,Green Party of England and Wales,NA,Immigration,Position,1.2391694,2010,GREEN
1261,13.1875,4.08605,16,GPEW,Green Party of England and Wales,NA,Social,Importance,1.0215125,2010,GREEN
1261,3.125,1.74642,16,GPEW,Green Party of England and Wales,NA,Social,Position,0.436605,2010,GREEN
1261,12.0,4.83477,17,GPEW,Green Party of England and Wales,NA,Taxes v. Spending,Importance,1.172604,2010,GREEN
1261,4.88235,2.39485,17,GPEW,Green Party of England and Wales,NA,Taxes v. Spending,Position,0.5808364,2010,GREEN
17,11.0625,3.88962,16,Lab,Labour Party,51320,Immigration,Importance,0.972405,2010,LAB
17,8.75,3.08761,16,Lab,Labour Party,51320,Immigration,Position,0.7719025,2010,LAB
17,12.9444,3.17105,18,Lab,Labour Party,51320,Social,Importance,0.74742365,2010,LAB
17,5.0,2.63461,18,Lab,Labour Party,51320,Social,Position,0.62098354,2010,LAB
17,15.8947,1.19697,19,Lab,Labour Party,51320,Taxes v. Spending,Importance,0.27460375,2010,LAB
17,6.78947,1.87317,19,Lab,Labour Party,51320,Taxes v. Spending,Position,0.42973468,2010,LAB
18,11.6,3.41844,15,LD,Liberal Democrats,51421,Immigration,Importance,0.88263744,2010,LIB
18,6.86667,3.39888,15,LD,Liberal Democrats,51421,Immigration,Position,0.877587,2010,LIB
18,15.5,3.07265,18,LD,Liberal Democrats,51421,Social,Importance,0.7242305,2010,LIB
18,3.77778,1.80051,18,LD,Liberal Democrats,51421,Social,Position,0.42438427,2010,LIB
18,12.8,2.74533,20,LD,Liberal Democrats,51421,Taxes v. Spending,Importance,0.61387444,2010,LIB
18,11.5,3.54668,20,LD,Liberal Democrats,51421,Taxes v. Spending,Position,0.79306173,2010,LIB
19,10.4286,3.77964,7,PCy,Plaid Cymru,NA,Immigration,Importance,1.4285697,2010,PLAID
19,6.625,2.13391,8,PCy,Plaid Cymru,NA,Immigration,Position,0.7544511,2010,PLAID
19,9.35714,3.99244,14,PCy,Plaid Cymru,NA,Social,Importance,1.0670245,2010,PLAID
19,7.14286,3.08488,14,PCy,Plaid Cymru,NA,Social,Position,0.82446885,2010,PLAID
19,14.9333,3.05817,15,PCy,Plaid Cymru,NA,Taxes v. Spending,Importance,0.7896161,2010,PLAID
19,4.53333,1.72654,15,PCy,Plaid Cymru,NA,Taxes v. Spending,Position,0.4457907,2010,PLAID
20,8.875,4.32394,8,SNP,Scottish National Party,51902,Immigration,Importance,1.5287436,2010,SNP
20,5.75,1.48805,8,SNP,Scottish National Party,51902,Immigration,Position,0.5261051,2010,SNP
20,9.46154,3.17845,13,SNP,Scottish National Party,51902,Social,Importance,0.8815434,2010,SNP
20,6.5,2.65301,14,SNP,Scottish National Party,51902,Social,Position,0.7090467,2010,SNP
20,14.5,2.8519,16,SNP,Scottish National Party,51902,Taxes v. Spending,Importance,0.712975,2010,SNP
20,5.9375,3.08693,16,SNP,Scottish National Party,51902,Taxes v. Spending,Position,0.7717325,2010,SNP
21,17.5625,1.8246,16,UKIP,UK Independence Party,51951,Immigration,Importance,0.45615,2010,UKIP
21,18.0625,1.61116,16,UKIP,UK Independence Party,51951,Immigration,Position,0.40279,2010,UKIP
21,9.2,3.74547,15,UKIP,UK Independence Party,51951,Social,Importance,0.9670762,2010,UKIP
21,14.6667,3.13202,15,UKIP,UK Independence Party,51951,Social,Position,0.8086841,2010,UKIP
21,10.7059,5.35916,17,UKIP,UK Independence Party,51951,Taxes v. Spending,Importance,1.2997872,2010,UKIP
21,14.3333,4.67786,18,UKIP,UK Independence Party,51951,Taxes v. Spending,Position,1.1025822,2010,UKIP
