party,dimension,scale,Mean,N,SD,SE
BNP,Asylum,Importance,9.916667,12.0,0.28867513,0.08333333
BNP,Asylum,Position,10.0,11.0,0.0,0.0
BNP,Economic,Importance,3.1111112,9.0,1.4529663,0.4843221
BNP,Economic,Position,3.75,8.0,1.9820625,0.7007649
BNP,Immigration,Importance,10.0,13.0,0.0,0.0
BNP,Immigration,Position,10.0,14.0,0.0,0.0
BNP,Social,Importance,7.6,10.0,3.1692972,1.0022198
BNP,Social,Position,9.615385,13.0,1.120897,0.3108809
BNP,immig_asyl,Position,10.0,,,
CON,Asylum,Importance,6.6153846,13.0,1.7097008,0.4741857
CON,Asylum,Position,6.9166665,12.0,1.0836247,0.31281552
CON,Economic,Importance,7.142857,14.0,2.2138426,0.5916743
CON,Economic,Position,7.0,15.0,1.3627703,0.3518658
CON,Immigration,Importance,7.4615383,13.0,1.1982894,0.3323457
CON,Immigration,Position,7.571429,14.0,1.2224997,0.3267268
CON,Social,Importance,5.4166665,12.0,1.8809249,0.54297626
CON,Social,Position,4.857143,14.0,1.95555,0.52264273
CON,immig_asyl,Position,7.2440476,,,
GREEN,Asylum,Importance,4.0,11.0,1.8439089,0.55595946
GREEN,Asylum,Position,2.6666667,9.0,1.5,0.5
GREEN,Economic,Importance,6.5,12.0,1.8829378,0.54355735
GREEN,Economic,Position,2.0,15.0,0.65465367,0.16903085
GREEN,Immigration,Importance,4.2727275,11.0,1.7372916,0.5238131
GREEN,Immigration,Position,2.5,14.0,1.2860194,0.34370315
GREEN,Social,Importance,6.4545455,11.0,2.2522717,0.67908543
GREEN,Social,Position,0.84615386,13.0,0.89871705,0.24925926
GREEN,immig_asyl,Position,2.5833335,,,
LAB,Asylum,Importance,5.0,13.0,1.7320508,0.48038444
LAB,Asylum,Position,3.8333333,12.0,1.1934162,0.3445096
LAB,Economic,Importance,7.285714,14.0,1.3259871,0.35438496
LAB,Economic,Position,2.8666666,15.0,0.8338094,0.21528865
LAB,Immigration,Importance,5.8461537,13.0,1.6251233,0.4507281
LAB,Immigration,Position,5.571429,14.0,1.3985864,0.37378794
LAB,Social,Importance,4.4166665,12.0,1.6213537,0.46804452
LAB,Social,Position,2.357143,14.0,0.92878276,0.24822764
LAB,immig_asyl,Position,4.702381,,,
LIB,Asylum,Importance,4.923077,13.0,1.9348358,0.5366269
LIB,Asylum,Position,3.4166667,12.0,1.3113722,0.37856054
LIB,Economic,Importance,7.0,14.0,1.3587325,0.36313653
LIB,Economic,Position,4.4666667,15.0,1.7674302,0.4563485
LIB,Immigration,Importance,5.6923075,13.0,2.213015,0.61377996
LIB,Immigration,Position,3.7142856,14.0,1.8985246,0.50740206
LIB,Social,Importance,6.4166665,12.0,2.3532698,0.67933047
LIB,Social,Position,1.1428572,14.0,0.7703289,0.20587905
LIB,immig_asyl,Position,3.5654762,,,
PLAID,Asylum,Importance,4.714286,7.0,2.3603873,0.89214253
PLAID,Asylum,Position,4.428571,7.0,1.6183472,0.6116777
PLAID,Economic,Importance,7.0,11.0,1.4832397,0.4472136
PLAID,Economic,Position,2.4615386,13.0,1.0500305,0.29122606
PLAID,Immigration,Importance,5.125,8.0,2.1671245,0.7661942
PLAID,Immigration,Position,3.8888888,9.0,1.7638342,0.58794475
PLAID,Social,Importance,5.285714,7.0,1.7994708,0.680136
PLAID,Social,Position,3.3333333,9.0,2.1213202,0.70710677
PLAID,immig_asyl,Position,4.15873,,,
SNP,Asylum,Importance,4.375,8.0,2.3867192,0.8438327
SNP,Asylum,Position,4.571429,7.0,1.5118579,0.57142854
SNP,Economic,Importance,7.0833335,12.0,1.5050421,0.4344682
SNP,Economic,Position,2.6923077,13.0,0.94733095,0.26274234
SNP,Immigration,Importance,4.3333335,9.0,2.1213202,0.70710677
SNP,Immigration,Position,3.7272727,11.0,1.6180797,0.48786938
SNP,Social,Importance,4.875,8.0,1.7268882,0.6105472
SNP,Social,Position,3.090909,11.0,2.0225997,0.60983676
SNP,immig_asyl,Position,4.1493506,,,
UKIP,Asylum,Importance,8.636364,11.0,1.5666989,0.4723775
UKIP,Asylum,Position,9.3,10.0,0.8232726,0.26034164
UKIP,Economic,Importance,3.6666667,12.0,2.1033883,0.6071959
UKIP,Economic,Position,7.5,12.0,2.0225997,0.5838742
UKIP,Immigration,Importance,8.583333,12.0,1.6213537,0.46804452
UKIP,Immigration,Position,9.461538,13.0,0.6602253,0.18311355
UKIP,Social,Importance,4.5454545,11.0,2.876235,0.8672175
UKIP,Social,Position,7.181818,11.0,2.040499,0.6152336
UKIP,immig_asyl,Position,9.38077,,,
